,wholesaler_id,retailer_id,line_hms,qty_hms,value_hms
value,137939.47818471337,217790.2530254777,3.7713375796178346,36.00238853503185,854255.7632165605
