,wholesaler_id,retailer_id,line_hms,qty_hms,value_hms
value,162216.59053895003,316059.4185088801,2.760493608482531,95.90886644666686,2082334.3789780803
